,img_path,class_idx,HEM
0,/raid/img_db/ROBOT/R_76/01_G_01_R_76_ch1_01/01_G_01_R_76_ch1_01-0000079770.jpg,0,0
1,/raid/img_db/ROBOT/R_56/01_G_01_R_56_ch1_03/01_G_01_R_56_ch1_03-0000017310.jpg,0,0
2,/raid/img_db/ROBOT/R_3/01_G_01_R_3_ch1_03/01_G_01_R_3_ch1_03-0000126750.jpg,0,0
3,/raid/img_db/ROBOT/R_19/01_G_01_R_19_ch1_01/01_G_01_R_19_ch1_01-0000015150.jpg,1,1
4,/raid/img_db/ROBOT/R_19/01_G_01_R_19_ch1_05/01_G_01_R_19_ch1_05-0000007980.jpg,1,0
5,/raid/img_db/ROBOT/R_19/01_G_01_R_19_ch1_03/01_G_01_R_19_ch1_03-0000005550.jpg,0,0
6,/raid/img_db/ROBOT/R_17/01_G_01_R_17_ch1_04/01_G_01_R_17_ch1_04-0000082620.jpg,0,0
7,/raid/img_db/ROBOT/R_18/01_G_01_R_18_ch1_01/01_G_01_R_18_ch1_01-0000014880.jpg,0,0
8,/raid/img_db/ROBOT/R_1/01_G_01_R_1_ch1_03/01_G_01_R_1_ch1_03-0000075810.jpg,0,0
9,/raid/img_db/ROBOT/R_17/01_G_01_R_17_ch1_04/01_G_01_R_17_ch1_04-0000132060.jpg,0,0
10,/raid/img_db/ROBOT/R_18/01_G_01_R_18_ch1_01/01_G_01_R_18_ch1_01-0000095610.jpg,0,0
11,/raid/img_db/ROBOT/R_3/01_G_01_R_3_ch1_05/01_G_01_R_3_ch1_05-0000017910.jpg,1,1
12,/raid/img_db/ROBOT/R_56/01_G_01_R_56_ch1_01/01_G_01_R_56_ch1_01-0000089160.jpg,0,0
13,/raid/img_db/ROBOT/R_48/01_G_01_R_48_ch1_01/01_G_01_R_48_ch1_01-0000003360.jpg,1,1
14,/raid/img_db/ROBOT/R_1/01_G_01_R_1_ch1_01/01_G_01_R_1_ch1_01-0000099120.jpg,0,0
15,/raid/img_db/ROBOT/R_10/01_G_01_R_10_ch1_03/01_G_01_R_10_ch1_03-0000025560.jpg,1,0
16,/raid/img_db/ROBOT/R_17/01_G_01_R_17_ch1_01/01_G_01_R_17_ch1_01-0000111150.jpg,0,0
17,/raid/img_db/ROBOT/R_19/01_G_01_R_19_ch1_01/01_G_01_R_19_ch1_01-0000003660.jpg,0,0
18,/raid/img_db/ROBOT/R_4/01_G_01_R_4_ch1_04/01_G_01_R_4_ch1_04-0000029880.jpg,0,1
19,/raid/img_db/ROBOT/R_18/01_G_01_R_18_ch1_01/01_G_01_R_18_ch1_01-0000000360.jpg,0,0
20,/raid/img_db/ROBOT/R_17/01_G_01_R_17_ch1_01/01_G_01_R_17_ch1_01-0000085530.jpg,0,0
21,/raid/img_db/ROBOT/R_117/01_G_01_R_117_ch1_01/01_G_01_R_117_ch1_01-0000068490.jpg,0,0
22,/raid/img_db/ROBOT/R_116/01_G_01_R_116_ch1_01/01_G_01_R_116_ch1_01-0000085920.jpg,0,0
23,/raid/img_db/ROBOT/R_14/01_G_01_R_14_ch1_03/01_G_01_R_14_ch1_03-0000065220.jpg,0,0
24,/raid/img_db/ROBOT/R_76/01_G_01_R_76_ch1_03/01_G_01_R_76_ch1_03-0000007500.jpg,0,0
25,/raid/img_db/ROBOT/R_22/01_G_01_R_22_ch1_01/01_G_01_R_22_ch1_01-0000008340.jpg,1,0
26,/raid/img_db/ROBOT/R_7/01_G_01_R_7_ch1_01/01_G_01_R_7_ch1_01-0000105780.jpg,0,0
27,/raid/img_db/ROBOT/R_1/01_G_01_R_1_ch1_03/01_G_01_R_1_ch1_03-0000090000.jpg,0,0
28,/raid/img_db/ROBOT/R_56/01_G_01_R_56_ch1_03/01_G_01_R_56_ch1_03-0000030540.jpg,0,0
29,/raid/img_db/ROBOT/R_3/01_G_01_R_3_ch1_01/01_G_01_R_3_ch1_01-0000009720.jpg,1,0
30,/raid/img_db/ROBOT/R_76/01_G_01_R_76_ch1_01/01_G_01_R_76_ch1_01-0000046350.jpg,0,0
31,/raid/img_db/ROBOT/R_7/01_G_01_R_7_ch1_01/01_G_01_R_7_ch1_01-0000046440.jpg,0,0
32,/raid/img_db/ROBOT/R_5/01_G_01_R_5_ch1_01/01_G_01_R_5_ch1_01-0000030060.jpg,0,0
33,/raid/img_db/ROBOT/R_48/01_G_01_R_48_ch1_01/01_G_01_R_48_ch1_01-0000116700.jpg,0,0
34,/raid/img_db/ROBOT/R_22/01_G_01_R_22_ch1_01/01_G_01_R_22_ch1_01-0000010620.jpg,1,0
35,/raid/img_db/ROBOT/R_18/01_G_01_R_18_ch1_01/01_G_01_R_18_ch1_01-0000019590.jpg,0,0
36,/raid/img_db/ROBOT/R_5/01_G_01_R_5_ch1_01/01_G_01_R_5_ch1_01-0000091560.jpg,0,0
37,/raid/img_db/ROBOT/R_22/01_G_01_R_22_ch1_01/01_G_01_R_22_ch1_01-0000034710.jpg,0,0
38,/raid/img_db/ROBOT/R_4/01_G_01_R_4_ch1_04/01_G_01_R_4_ch1_04-0000047370.jpg,1,1
39,/raid/img_db/ROBOT/R_7/01_G_01_R_7_ch1_01/01_G_01_R_7_ch1_01-0000002520.jpg,1,0
40,/raid/img_db/ROBOT/R_76/01_G_01_R_76_ch1_01/01_G_01_R_76_ch1_01-0000056850.jpg,1,0
41,/raid/img_db/ROBOT/R_14/01_G_01_R_14_ch1_01/01_G_01_R_14_ch1_01-0000044820.jpg,0,0
42,/raid/img_db/ROBOT/R_10/01_G_01_R_10_ch1_01/01_G_01_R_10_ch1_01-0000100410.jpg,0,0
43,/raid/img_db/ROBOT/R_84/01_G_01_R_84_ch1_03/01_G_01_R_84_ch1_03-0000113460.jpg,0,0
44,/raid/img_db/ROBOT/R_19/01_G_01_R_19_ch1_01/01_G_01_R_19_ch1_01-0000082500.jpg,0,0
45,/raid/img_db/ROBOT/R_48/01_G_01_R_48_ch1_01/01_G_01_R_48_ch1_01-0000023310.jpg,0,0
46,/raid/img_db/ROBOT/R_3/01_G_01_R_3_ch1_01/01_G_01_R_3_ch1_01-0000012090.jpg,1,1
47,/raid/img_db/ROBOT/R_94/01_G_01_R_94_ch1_01/01_G_01_R_94_ch1_01-0000025230.jpg,0,0
48,/raid/img_db/ROBOT/R_17/01_G_01_R_17_ch1_01/01_G_01_R_17_ch1_01-0000051630.jpg,1,0
49,/raid/img_db/ROBOT/R_201/01_G_01_R_201_ch1_01/01_G_01_R_201_ch1_01-0000033870.jpg,0,0
50,/raid/img_db/ROBOT/R_84/01_G_01_R_84_ch1_03/01_G_01_R_84_ch1_03-0000002280.jpg,0,0
51,/raid/img_db/ROBOT/R_201/01_G_01_R_201_ch1_01/01_G_01_R_201_ch1_01-0000094800.jpg,0,0
52,/raid/img_db/ROBOT/R_22/01_G_01_R_22_ch1_01/01_G_01_R_22_ch1_01-0000125160.jpg,0,1
53,/raid/img_db/ROBOT/R_1/01_G_01_R_1_ch1_03/01_G_01_R_1_ch1_03-0000124470.jpg,0,0
54,/raid/img_db/ROBOT/R_1/01_G_01_R_1_ch1_06/01_G_01_R_1_ch1_06-0000000240.jpg,1,0
55,/raid/img_db/ROBOT/R_18/01_G_01_R_18_ch1_01/01_G_01_R_18_ch1_01-0000044910.jpg,0,0
56,/raid/img_db/ROBOT/R_14/01_G_01_R_14_ch1_03/01_G_01_R_14_ch1_03-0000055890.jpg,0,0
57,/raid/img_db/ROBOT/R_17/01_G_01_R_17_ch1_01/01_G_01_R_17_ch1_01-0000027510.jpg,1,1
58,/raid/img_db/ROBOT/R_201/01_G_01_R_201_ch1_03/01_G_01_R_201_ch1_03-0000017460.jpg,0,0
59,/raid/img_db/ROBOT/R_117/01_G_01_R_117_ch1_01/01_G_01_R_117_ch1_01-0000080550.jpg,0,0
60,/raid/img_db/ROBOT/R_76/01_G_01_R_76_ch1_03/01_G_01_R_76_ch1_03-0000052770.jpg,1,1
61,/raid/img_db/ROBOT/R_3/01_G_01_R_3_ch1_01/01_G_01_R_3_ch1_01-0000043410.jpg,1,1
62,/raid/img_db/ROBOT/R_22/01_G_01_R_22_ch1_03/01_G_01_R_22_ch1_03-0000083550.jpg,0,0
63,/raid/img_db/ROBOT/R_10/01_G_01_R_10_ch1_01/01_G_01_R_10_ch1_01-0000120210.jpg,1,1
64,/raid/img_db/ROBOT/R_18/01_G_01_R_18_ch1_04/01_G_01_R_18_ch1_04-0000025920.jpg,0,0
65,/raid/img_db/ROBOT/R_116/01_G_01_R_116_ch1_06/01_G_01_R_116_ch1_06-0000005640.jpg,0,0
66,/raid/img_db/ROBOT/R_3/01_G_01_R_3_ch1_01/01_G_01_R_3_ch1_01-0000052590.jpg,1,0
67,/raid/img_db/ROBOT/R_3/01_G_01_R_3_ch1_03/01_G_01_R_3_ch1_03-0000052110.jpg,0,0
68,/raid/img_db/ROBOT/R_94/01_G_01_R_94_ch1_01/01_G_01_R_94_ch1_01-0000016710.jpg,0,0
69,/raid/img_db/ROBOT/R_94/01_G_01_R_94_ch1_01/01_G_01_R_94_ch1_01-0000132270.jpg,0,0
70,/raid/img_db/ROBOT/R_84/01_G_01_R_84_ch1_03/01_G_01_R_84_ch1_03-0000101280.jpg,0,0
71,/raid/img_db/ROBOT/R_7/01_G_01_R_7_ch1_01/01_G_01_R_7_ch1_01-0000073410.jpg,0,0
72,/raid/img_db/ROBOT/R_14/01_G_01_R_14_ch1_03/01_G_01_R_14_ch1_03-0000030330.jpg,0,0
73,/raid/img_db/ROBOT/R_14/01_G_01_R_14_ch1_01/01_G_01_R_14_ch1_01-0000081930.jpg,0,0
74,/raid/img_db/ROBOT/R_116/01_G_01_R_116_ch1_06/01_G_01_R_116_ch1_06-0000033810.jpg,0,0
75,/raid/img_db/ROBOT/R_14/01_G_01_R_14_ch1_03/01_G_01_R_14_ch1_03-0000119490.jpg,0,0
76,/raid/img_db/ROBOT/R_76/01_G_01_R_76_ch1_01/01_G_01_R_76_ch1_01-0000004650.jpg,1,1
77,/raid/img_db/ROBOT/R_201/01_G_01_R_201_ch1_01/01_G_01_R_201_ch1_01-0000099090.jpg,0,0
78,/raid/img_db/ROBOT/R_17/01_G_01_R_17_ch1_01/01_G_01_R_17_ch1_01-0000000420.jpg,0,0
79,/raid/img_db/ROBOT/R_22/01_G_01_R_22_ch1_03/01_G_01_R_22_ch1_03-0000028020.jpg,0,0
80,/raid/img_db/ROBOT/R_116/01_G_01_R_116_ch1_01/01_G_01_R_116_ch1_01-0000015510.jpg,0,0
81,/raid/img_db/ROBOT/R_48/01_G_01_R_48_ch1_01/01_G_01_R_48_ch1_01-0000009240.jpg,1,1
82,/raid/img_db/ROBOT/R_15/01_G_01_R_15_ch1_03/01_G_01_R_15_ch1_03-0000033570.jpg,0,0
83,/raid/img_db/ROBOT/R_48/01_G_01_R_48_ch1_02/01_G_01_R_48_ch1_02-0000070740.jpg,0,0
84,/raid/img_db/ROBOT/R_14/01_G_01_R_14_ch1_03/01_G_01_R_14_ch1_03-0000057840.jpg,0,0
85,/raid/img_db/ROBOT/R_116/01_G_01_R_116_ch1_01/01_G_01_R_116_ch1_01-0000079710.jpg,1,0
86,/raid/img_db/ROBOT/R_3/01_G_01_R_3_ch1_01/01_G_01_R_3_ch1_01-0000040380.jpg,0,0
87,/raid/img_db/ROBOT/R_3/01_G_01_R_3_ch1_05/01_G_01_R_3_ch1_05-0000045810.jpg,0,0
88,/raid/img_db/ROBOT/R_7/01_G_01_R_7_ch1_01/01_G_01_R_7_ch1_01-0000055140.jpg,0,0
89,/raid/img_db/ROBOT/R_19/01_G_01_R_19_ch1_01/01_G_01_R_19_ch1_01-0000108000.jpg,0,0
90,/raid/img_db/ROBOT/R_19/01_G_01_R_19_ch1_01/01_G_01_R_19_ch1_01-0000029100.jpg,0,0
91,/raid/img_db/ROBOT/R_4/01_G_01_R_4_ch1_01/01_G_01_R_4_ch1_01-0000076170.jpg,0,0
92,/raid/img_db/ROBOT/R_3/01_G_01_R_3_ch1_01/01_G_01_R_3_ch1_01-0000055350.jpg,0,0
93,/raid/img_db/ROBOT/R_17/01_G_01_R_17_ch1_01/01_G_01_R_17_ch1_01-0000035010.jpg,1,0
94,/raid/img_db/ROBOT/R_22/01_G_01_R_22_ch1_01/01_G_01_R_22_ch1_01-0000063510.jpg,0,0
95,/raid/img_db/ROBOT/R_5/01_G_01_R_5_ch1_01/01_G_01_R_5_ch1_01-0000092190.jpg,0,0
96,/raid/img_db/ROBOT/R_201/01_G_01_R_201_ch1_01/01_G_01_R_201_ch1_01-0000031740.jpg,1,1
97,/raid/img_db/ROBOT/R_116/01_G_01_R_116_ch1_01/01_G_01_R_116_ch1_01-0000010200.jpg,1,0
98,/raid/img_db/ROBOT/R_116/01_G_01_R_116_ch1_06/01_G_01_R_116_ch1_06-0000003480.jpg,1,1
99,/raid/img_db/ROBOT/R_17/01_G_01_R_17_ch1_01/01_G_01_R_17_ch1_01-0000101460.jpg,0,0
100,/raid/img_db/ROBOT/R_17/01_G_01_R_17_ch1_06/01_G_01_R_17_ch1_06-0000000030.jpg,1,0
101,/raid/img_db/ROBOT/R_1/01_G_01_R_1_ch1_01/01_G_01_R_1_ch1_01-0000093810.jpg,0,0
102,/raid/img_db/ROBOT/R_3/01_G_01_R_3_ch1_01/01_G_01_R_3_ch1_01-0000116640.jpg,0,0
103,/raid/img_db/ROBOT/R_10/01_G_01_R_10_ch1_03/01_G_01_R_10_ch1_03-0000002640.jpg,0,0
104,/raid/img_db/ROBOT/R_15/01_G_01_R_15_ch1_03/01_G_01_R_15_ch1_03-0000025920.jpg,1,1
105,/raid/img_db/ROBOT/R_56/01_G_01_R_56_ch1_03/01_G_01_R_56_ch1_03-0000032760.jpg,0,0
106,/raid/img_db/ROBOT/R_5/01_G_01_R_5_ch1_03/01_G_01_R_5_ch1_03-0000009690.jpg,0,0
107,/raid/img_db/ROBOT/R_15/01_G_01_R_15_ch1_01/01_G_01_R_15_ch1_01-0000136710.jpg,0,0
108,/raid/img_db/ROBOT/R_22/01_G_01_R_22_ch1_03/01_G_01_R_22_ch1_03-0000010590.jpg,0,0
109,/raid/img_db/ROBOT/R_116/01_G_01_R_116_ch1_01/01_G_01_R_116_ch1_01-0000125550.jpg,0,1
110,/raid/img_db/ROBOT/R_76/01_G_01_R_76_ch1_01/01_G_01_R_76_ch1_01-0000039390.jpg,0,0
111,/raid/img_db/ROBOT/R_10/01_G_01_R_10_ch1_03/01_G_01_R_10_ch1_03-0000003570.jpg,0,0
112,/raid/img_db/ROBOT/R_338/01_G_01_R_338_ch1_01/01_G_01_R_338_ch1_01-0000103500.jpg,0,0
113,/raid/img_db/ROBOT/R_208/01_G_01_R_208_ch1_03/01_G_01_R_208_ch1_03-0000011490.jpg,1,1
114,/raid/img_db/ROBOT/R_210/01_G_01_R_210_ch1_01/01_G_01_R_210_ch1_01-0000114180.jpg,1,1
115,/raid/img_db/ROBOT/R_210/01_G_01_R_210_ch1_01/01_G_01_R_210_ch1_01-0000020820.jpg,0,0
116,/raid/img_db/ROBOT/R_338/01_G_01_R_338_ch1_01/01_G_01_R_338_ch1_01-0000041130.jpg,0,0
117,/raid/img_db/ROBOT/R_209/01_G_01_R_209_ch1_03/01_G_01_R_209_ch1_03-0000026490.jpg,0,0
118,/raid/img_db/ROBOT/R_305/01_G_01_R_305_ch1_01/01_G_01_R_305_ch1_01-0000016860.jpg,1,0
119,/raid/img_db/ROBOT/R_329/01_G_01_R_329_ch1_03/01_G_01_R_329_ch1_03-0000059430.jpg,0,0
120,/raid/img_db/ROBOT/R_203/01_G_01_R_203_ch1_01/01_G_01_R_203_ch1_01-0000097680.jpg,0,0
121,/raid/img_db/ROBOT/R_209/01_G_01_R_209_ch1_03/01_G_01_R_209_ch1_03-0000007410.jpg,0,0
122,/raid/img_db/ROBOT/R_203/01_G_01_R_203_ch1_01/01_G_01_R_203_ch1_01-0000079530.jpg,0,0
123,/raid/img_db/ROBOT/R_207/01_G_01_R_207_ch1_01/01_G_01_R_207_ch1_01-0000083790.jpg,0,0
124,/raid/img_db/ROBOT/R_209/01_G_01_R_209_ch1_03/01_G_01_R_209_ch1_03-0000090900.jpg,0,0
125,/raid/img_db/ROBOT/R_205/01_G_01_R_205_ch1_01/01_G_01_R_205_ch1_01-0000024030.jpg,1,0
126,/raid/img_db/ROBOT/R_310/01_G_01_R_310_ch1_01/01_G_01_R_310_ch1_01-0000047010.jpg,1,0
127,/raid/img_db/ROBOT/R_209/01_G_01_R_209_ch1_03/01_G_01_R_209_ch1_03-0000115290.jpg,1,1
128,/raid/img_db/ROBOT/R_205/01_G_01_R_205_ch1_03/01_G_01_R_205_ch1_03-0000120690.jpg,0,0
129,/raid/img_db/ROBOT/R_203/01_G_01_R_203_ch1_01/01_G_01_R_203_ch1_01-0000061170.jpg,1,0
130,/raid/img_db/ROBOT/R_340/01_G_01_R_340_ch1_01/01_G_01_R_340_ch1_01-0000024270.jpg,1,0
131,/raid/img_db/ROBOT/R_329/01_G_01_R_329_ch1_03/01_G_01_R_329_ch1_03-0000052950.jpg,0,0
132,/raid/img_db/ROBOT/R_321/01_G_01_R_321_ch1_01/01_G_01_R_321_ch1_01-0000055620.jpg,0,0
133,/raid/img_db/ROBOT/R_339/01_G_01_R_339_ch1_05/01_G_01_R_339_ch1_05-0000047850.jpg,1,1
134,/raid/img_db/ROBOT/R_320/01_G_01_R_320_ch1_01/01_G_01_R_320_ch1_01-0000092160.jpg,0,1
135,/raid/img_db/ROBOT/R_209/01_G_01_R_209_ch1_01/01_G_01_R_209_ch1_01-0000133110.jpg,0,0
136,/raid/img_db/ROBOT/R_304/01_G_01_R_304_ch1_01/01_G_01_R_304_ch1_01-0000098490.jpg,0,0
137,/raid/img_db/ROBOT/R_321/01_G_01_R_321_ch1_05/01_G_01_R_321_ch1_05-0000003420.jpg,1,0
138,/raid/img_db/ROBOT/R_340/01_G_01_R_340_ch1_01/01_G_01_R_340_ch1_01-0000071340.jpg,0,0
139,/raid/img_db/ROBOT/R_339/01_G_01_R_339_ch1_03/01_G_01_R_339_ch1_03-0000094770.jpg,0,0
140,/raid/img_db/ROBOT/R_321/01_G_01_R_321_ch1_01/01_G_01_R_321_ch1_01-0000000510.jpg,0,0
141,/raid/img_db/ROBOT/R_338/01_G_01_R_338_ch1_01/01_G_01_R_338_ch1_01-0000048690.jpg,0,0
142,/raid/img_db/ROBOT/R_320/01_G_01_R_320_ch1_01/01_G_01_R_320_ch1_01-0000017640.jpg,0,0
143,/raid/img_db/ROBOT/R_338/01_G_01_R_338_ch1_03/01_G_01_R_338_ch1_03-0000087540.jpg,0,0
144,/raid/img_db/ROBOT/R_206/01_G_01_R_206_ch1_01/01_G_01_R_206_ch1_01-0000033060.jpg,0,0
145,/raid/img_db/ROBOT/R_204/01_G_01_R_204_ch1_01/01_G_01_R_204_ch1_01-0000003720.jpg,0,0
146,/raid/img_db/ROBOT/R_209/01_G_01_R_209_ch1_01/01_G_01_R_209_ch1_01-0000129600.jpg,0,0
147,/raid/img_db/ROBOT/R_209/01_G_01_R_209_ch1_01/01_G_01_R_209_ch1_01-0000135810.jpg,1,0
148,/raid/img_db/ROBOT/R_324/01_G_01_R_324_ch1_03/01_G_01_R_324_ch1_03-0000057570.jpg,1,0
149,/raid/img_db/ROBOT/R_305/01_G_01_R_305_ch1_01/01_G_01_R_305_ch1_01-0000132120.jpg,0,0
150,/raid/img_db/ROBOT/R_208/01_G_01_R_208_ch1_01/01_G_01_R_208_ch1_01-0000033270.jpg,0,0
151,/raid/img_db/ROBOT/R_339/01_G_01_R_339_ch1_01/01_G_01_R_339_ch1_01-0000111990.jpg,0,0
152,/raid/img_db/ROBOT/R_209/01_G_01_R_209_ch1_03/01_G_01_R_209_ch1_03-0000093000.jpg,0,0
153,/raid/img_db/ROBOT/R_303/01_G_01_R_303_ch1_01/01_G_01_R_303_ch1_01-0000017580.jpg,0,0
154,/raid/img_db/ROBOT/R_203/01_G_01_R_203_ch1_01/01_G_01_R_203_ch1_01-0000127410.jpg,0,0
155,/raid/img_db/ROBOT/R_203/01_G_01_R_203_ch1_01/01_G_01_R_203_ch1_01-0000128880.jpg,0,0
156,/raid/img_db/ROBOT/R_304/01_G_01_R_304_ch1_03/01_G_01_R_304_ch1_03-0000062340.jpg,1,0
157,/raid/img_db/ROBOT/R_208/01_G_01_R_208_ch1_01/01_G_01_R_208_ch1_01-0000009930.jpg,0,0
158,/raid/img_db/ROBOT/R_206/01_G_01_R_206_ch1_01/01_G_01_R_206_ch1_01-0000026850.jpg,0,0
159,/raid/img_db/ROBOT/R_338/01_G_01_R_338_ch1_03/01_G_01_R_338_ch1_03-0000015840.jpg,0,0
160,/raid/img_db/ROBOT/R_310/01_G_01_R_310_ch1_03/01_G_01_R_310_ch1_03-0000051840.jpg,0,0
161,/raid/img_db/ROBOT/R_304/01_G_01_R_304_ch1_01/01_G_01_R_304_ch1_01-0000111090.jpg,0,0
162,/raid/img_db/ROBOT/R_304/01_G_01_R_304_ch1_03/01_G_01_R_304_ch1_03-0000059130.jpg,0,0
163,/raid/img_db/ROBOT/R_210/01_G_01_R_210_ch1_01/01_G_01_R_210_ch1_01-0000005610.jpg,0,1
164,/raid/img_db/ROBOT/R_205/01_G_01_R_205_ch1_03/01_G_01_R_205_ch1_03-0000022320.jpg,1,1
165,/raid/img_db/ROBOT/R_340/01_G_01_R_340_ch1_05/01_G_01_R_340_ch1_05-0000039630.jpg,0,0
166,/raid/img_db/ROBOT/R_310/01_G_01_R_310_ch1_01/01_G_01_R_310_ch1_01-0000058500.jpg,0,0
167,/raid/img_db/ROBOT/R_204/01_G_01_R_204_ch1_01/01_G_01_R_204_ch1_01-0000010410.jpg,1,1
168,/raid/img_db/ROBOT/R_334/01_G_01_R_334_ch1_03/01_G_01_R_334_ch1_03-0000057810.jpg,0,0
169,/raid/img_db/ROBOT/R_339/01_G_01_R_339_ch1_01/01_G_01_R_339_ch1_01-0000050520.jpg,0,0
170,/raid/img_db/ROBOT/R_320/01_G_01_R_320_ch1_01/01_G_01_R_320_ch1_01-0000061530.jpg,0,0
171,/raid/img_db/ROBOT/R_340/01_G_01_R_340_ch1_03/01_G_01_R_340_ch1_03-0000054660.jpg,0,0
172,/raid/img_db/ROBOT/R_340/01_G_01_R_340_ch1_05/01_G_01_R_340_ch1_05-0000048270.jpg,0,0
173,/raid/img_db/ROBOT/R_207/01_G_01_R_207_ch1_01/01_G_01_R_207_ch1_01-0000013110.jpg,0,0
174,/raid/img_db/ROBOT/R_204/01_G_01_R_204_ch1_02/01_G_01_R_204_ch1_02-0000025740.jpg,0,0
175,/raid/img_db/ROBOT/R_340/01_G_01_R_340_ch1_03/01_G_01_R_340_ch1_03-0000001020.jpg,0,0
176,/raid/img_db/ROBOT/R_340/01_G_01_R_340_ch1_01/01_G_01_R_340_ch1_01-0000110970.jpg,1,0
177,/raid/img_db/ROBOT/R_207/01_G_01_R_207_ch1_01/01_G_01_R_207_ch1_01-0000010320.jpg,1,0
178,/raid/img_db/ROBOT/R_206/01_G_01_R_206_ch1_03/01_G_01_R_206_ch1_03-0000006930.jpg,0,0
179,/raid/img_db/ROBOT/R_205/01_G_01_R_205_ch1_03/01_G_01_R_205_ch1_03-0000100740.jpg,1,1
180,/raid/img_db/ROBOT/R_207/01_G_01_R_207_ch1_01/01_G_01_R_207_ch1_01-0000111150.jpg,0,0
181,/raid/img_db/ROBOT/R_339/01_G_01_R_339_ch1_01/01_G_01_R_339_ch1_01-0000058800.jpg,1,1
182,/raid/img_db/ROBOT/R_304/01_G_01_R_304_ch1_03/01_G_01_R_304_ch1_03-0000080940.jpg,0,0
183,/raid/img_db/ROBOT/R_207/01_G_01_R_207_ch1_03/01_G_01_R_207_ch1_03-0000078660.jpg,0,0
184,/raid/img_db/ROBOT/R_320/01_G_01_R_320_ch1_01/01_G_01_R_320_ch1_01-0000009120.jpg,0,1
185,/raid/img_db/ROBOT/R_204/01_G_01_R_204_ch1_02/01_G_01_R_204_ch1_02-0000049590.jpg,0,0
186,/raid/img_db/ROBOT/R_324/01_G_01_R_324_ch1_03/01_G_01_R_324_ch1_03-0000038370.jpg,0,0
187,/raid/img_db/ROBOT/R_207/01_G_01_R_207_ch1_03/01_G_01_R_207_ch1_03-0000073710.jpg,0,0
188,/raid/img_db/ROBOT/R_338/01_G_01_R_338_ch1_01/01_G_01_R_338_ch1_01-0000101880.jpg,0,0
189,/raid/img_db/ROBOT/R_207/01_G_01_R_207_ch1_01/01_G_01_R_207_ch1_01-0000038040.jpg,0,0
190,/raid/img_db/ROBOT/R_204/01_G_01_R_204_ch1_02/01_G_01_R_204_ch1_02-0000088470.jpg,1,1
191,/raid/img_db/ROBOT/R_320/01_G_01_R_320_ch1_03/01_G_01_R_320_ch1_03-0000038400.jpg,1,1
192,/raid/img_db/ROBOT/R_329/01_G_01_R_329_ch1_01/01_G_01_R_329_ch1_01-0000003300.jpg,1,0
193,/raid/img_db/ROBOT/R_338/01_G_01_R_338_ch1_05/01_G_01_R_338_ch1_05-0000028650.jpg,1,1
194,/raid/img_db/ROBOT/R_303/01_G_01_R_303_ch1_01/01_G_01_R_303_ch1_01-0000130860.jpg,0,0
195,/raid/img_db/ROBOT/R_210/01_G_01_R_210_ch1_01/01_G_01_R_210_ch1_01-0000117300.jpg,0,0
196,/raid/img_db/ROBOT/R_329/01_G_01_R_329_ch1_01/01_G_01_R_329_ch1_01-0000082560.jpg,0,0
197,/raid/img_db/ROBOT/R_321/01_G_01_R_321_ch1_01/01_G_01_R_321_ch1_01-0000075390.jpg,0,0
198,/raid/img_db/ROBOT/R_208/01_G_01_R_208_ch1_01/01_G_01_R_208_ch1_01-0000022950.jpg,0,0
199,/raid/img_db/ROBOT/R_310/01_G_01_R_310_ch1_01/01_G_01_R_310_ch1_01-0000075960.jpg,0,0
200,/raid/img_db/ROBOT/R_304/01_G_01_R_304_ch1_03/01_G_01_R_304_ch1_03-0000016110.jpg,0,0
201,/raid/img_db/ROBOT/R_204/01_G_01_R_204_ch1_02/01_G_01_R_204_ch1_02-0000048360.jpg,0,0
202,/raid/img_db/ROBOT/R_205/01_G_01_R_205_ch1_01/01_G_01_R_205_ch1_01-0000079590.jpg,0,0
203,/raid/img_db/ROBOT/R_209/01_G_01_R_209_ch1_01/01_G_01_R_209_ch1_01-0000028410.jpg,0,0
204,/raid/img_db/ROBOT/R_209/01_G_01_R_209_ch1_03/01_G_01_R_209_ch1_03-0000003990.jpg,0,0
205,/raid/img_db/ROBOT/R_203/01_G_01_R_203_ch1_01/01_G_01_R_203_ch1_01-0000036480.jpg,0,0
206,/raid/img_db/ROBOT/R_321/01_G_01_R_321_ch1_03/01_G_01_R_321_ch1_03-0000006990.jpg,0,0
207,/raid/img_db/ROBOT/R_204/01_G_01_R_204_ch1_01/01_G_01_R_204_ch1_01-0000013410.jpg,1,1
208,/raid/img_db/ROBOT/R_207/01_G_01_R_207_ch1_03/01_G_01_R_207_ch1_03-0000015810.jpg,0,0
209,/raid/img_db/ROBOT/R_339/01_G_01_R_339_ch1_03/01_G_01_R_339_ch1_03-0000051420.jpg,0,0
210,/raid/img_db/ROBOT/R_339/01_G_01_R_339_ch1_01/01_G_01_R_339_ch1_01-0000041310.jpg,0,0
211,/raid/img_db/ROBOT/R_207/01_G_01_R_207_ch1_03/01_G_01_R_207_ch1_03-0000015330.jpg,0,0
212,/raid/img_db/ROBOT/R_310/01_G_01_R_310_ch1_03/01_G_01_R_310_ch1_03-0000067080.jpg,1,1
213,/raid/img_db/ROBOT/R_205/01_G_01_R_205_ch1_01/01_G_01_R_205_ch1_01-0000053100.jpg,0,0
214,/raid/img_db/ROBOT/R_340/01_G_01_R_340_ch1_03/01_G_01_R_340_ch1_03-0000017130.jpg,0,1
215,/raid/img_db/ROBOT/R_204/01_G_01_R_204_ch1_01/01_G_01_R_204_ch1_01-0000013830.jpg,1,0
216,/raid/img_db/ROBOT/R_402/01_G_01_R_402_ch1_01/01_G_01_R_402_ch1_01-0000011580.jpg,1,1
217,/raid/img_db/ROBOT/R_391/01_G_01_R_391_ch2_06/01_G_01_R_391_ch2_06-0000027570.jpg,0,0
218,/raid/img_db/ROBOT/R_376/01_G_01_R_376_ch1_05/01_G_01_R_376_ch1_05-0000089940.jpg,0,0
219,/raid/img_db/ROBOT/R_357/01_G_01_R_357_ch1_05/01_G_01_R_357_ch1_05-0000004440.jpg,0,0
220,/raid/img_db/ROBOT/R_358/01_G_01_R_358_ch1_03/01_G_01_R_358_ch1_03-0000122250.jpg,0,0
221,/raid/img_db/ROBOT/R_358/01_G_01_R_358_ch1_03/01_G_01_R_358_ch1_03-0000007980.jpg,0,0
222,/raid/img_db/ROBOT/R_355/01_G_01_R_355_ch1_04/01_G_01_R_355_ch1_04-0000119370.jpg,1,0
223,/raid/img_db/ROBOT/R_357/01_G_01_R_357_ch1_01/01_G_01_R_357_ch1_01-0000103860.jpg,0,0
224,/raid/img_db/ROBOT/R_342/01_G_01_R_342_ch1_05/01_G_01_R_342_ch1_05-0000185970.jpg,1,0
225,/raid/img_db/ROBOT/R_357/01_G_01_R_357_ch1_01/01_G_01_R_357_ch1_01-0000037830.jpg,0,0
226,/raid/img_db/ROBOT/R_357/01_G_01_R_357_ch1_03/01_G_01_R_357_ch1_03-0000035400.jpg,0,0
227,/raid/img_db/ROBOT/R_376/01_G_01_R_376_ch1_05/01_G_01_R_376_ch1_05-0000095430.jpg,1,0
228,/raid/img_db/ROBOT/R_391/01_G_01_R_391_ch1_03/01_G_01_R_391_ch1_03-0000080040.jpg,0,0
229,/raid/img_db/ROBOT/R_378/01_G_01_R_378_ch1_03/01_G_01_R_378_ch1_03-0000087030.jpg,0,0
230,/raid/img_db/ROBOT/R_342/01_G_01_R_342_ch1_05/01_G_01_R_342_ch1_05-0000040290.jpg,0,0
231,/raid/img_db/ROBOT/R_345/01_G_01_R_345_ch1_04/01_G_01_R_345_ch1_04-0000123420.jpg,0,0
232,/raid/img_db/ROBOT/R_355/01_G_01_R_355_ch1_04/01_G_01_R_355_ch1_04-0000117420.jpg,1,1
233,/raid/img_db/ROBOT/R_357/01_G_01_R_357_ch1_03/01_G_01_R_357_ch1_03-0000075150.jpg,0,0
234,/raid/img_db/ROBOT/R_378/01_G_01_R_378_ch1_01/01_G_01_R_378_ch1_01-0000099780.jpg,0,0
235,/raid/img_db/ROBOT/R_357/01_G_01_R_357_ch1_01/01_G_01_R_357_ch1_01-0000058980.jpg,0,0
236,/raid/img_db/ROBOT/R_355/01_G_01_R_355_ch1_04/01_G_01_R_355_ch1_04-0000076980.jpg,1,1
237,/raid/img_db/ROBOT/R_348/01_G_01_R_348_ch1_01/01_G_01_R_348_ch1_01-0000001110.jpg,0,1
238,/raid/img_db/ROBOT/R_347/01_G_01_R_347_ch1_02/01_G_01_R_347_ch1_02-0000108270.jpg,0,0
239,/raid/img_db/ROBOT/R_349/01_G_01_R_349_ch1_01/01_G_01_R_349_ch1_01-0000001800.jpg,0,0
240,/raid/img_db/ROBOT/R_402/01_G_01_R_402_ch1_01/01_G_01_R_402_ch1_01-0000133830.jpg,0,0
241,/raid/img_db/ROBOT/R_369/01_G_01_R_369_ch1_01/01_G_01_R_369_ch1_01-0000131700.jpg,0,1
242,/raid/img_db/ROBOT/R_399/01_G_01_R_399_ch1_01/01_G_01_R_399_ch1_01-0000082800.jpg,1,1
243,/raid/img_db/ROBOT/R_342/01_G_01_R_342_ch1_05/01_G_01_R_342_ch1_05-0000201480.jpg,1,0
244,/raid/img_db/ROBOT/R_393/01_G_01_R_393_ch1_01/01_G_01_R_393_ch1_01-0000019890.jpg,0,0
245,/raid/img_db/ROBOT/R_372/01_G_01_R_372_ch1_04/01_G_01_R_372_ch1_04-0000052500.jpg,1,1
246,/raid/img_db/ROBOT/R_400/01_G_01_R_400_ch1_01/01_G_01_R_400_ch1_01-0000007530.jpg,1,1
247,/raid/img_db/ROBOT/R_393/01_G_01_R_393_ch1_01/01_G_01_R_393_ch1_01-0000115320.jpg,0,0
248,/raid/img_db/ROBOT/R_391/01_G_01_R_391_ch1_01/01_G_01_R_391_ch1_01-0000001110.jpg,0,0
249,/raid/img_db/ROBOT/R_379/01_G_01_R_379_ch1_02/01_G_01_R_379_ch1_02-0000066840.jpg,0,0
250,/raid/img_db/ROBOT/R_369/01_G_01_R_369_ch1_03/01_G_01_R_369_ch1_03-0000014190.jpg,1,1
251,/raid/img_db/ROBOT/R_357/01_G_01_R_357_ch1_01/01_G_01_R_357_ch1_01-0000128910.jpg,0,0
252,/raid/img_db/ROBOT/R_391/01_G_01_R_391_ch1_01/01_G_01_R_391_ch1_01-0000009900.jpg,1,0
253,/raid/img_db/ROBOT/R_372/01_G_01_R_372_ch1_01/01_G_01_R_372_ch1_01-0000019350.jpg,1,0
254,/raid/img_db/ROBOT/R_378/01_G_01_R_378_ch1_03/01_G_01_R_378_ch1_03-0000082440.jpg,0,0
255,/raid/img_db/ROBOT/R_393/01_G_01_R_393_ch1_01/01_G_01_R_393_ch1_01-0000042990.jpg,0,0
256,/raid/img_db/ROBOT/R_400/01_G_01_R_400_ch1_01/01_G_01_R_400_ch1_01-0000113460.jpg,0,0
257,/raid/img_db/ROBOT/R_348/01_G_01_R_348_ch1_01/01_G_01_R_348_ch1_01-0000038790.jpg,0,0
258,/raid/img_db/ROBOT/R_345/01_G_01_R_345_ch1_01/01_G_01_R_345_ch1_01-0000018630.jpg,0,0
259,/raid/img_db/ROBOT/R_403/01_G_01_R_403_ch1_01/01_G_01_R_403_ch1_01-0000112410.jpg,0,0
260,/raid/img_db/ROBOT/R_358/01_G_01_R_358_ch1_01/01_G_01_R_358_ch1_01-0000035280.jpg,0,0
261,/raid/img_db/ROBOT/R_379/01_G_01_R_379_ch1_02/01_G_01_R_379_ch1_02-0000033930.jpg,1,0
262,/raid/img_db/ROBOT/R_376/01_G_01_R_376_ch1_01/01_G_01_R_376_ch1_01-0000055200.jpg,1,1
263,/raid/img_db/ROBOT/R_403/01_G_01_R_403_ch1_03/01_G_01_R_403_ch1_03-0000020040.jpg,1,1
264,/raid/img_db/ROBOT/R_355/01_G_01_R_355_ch1_04/01_G_01_R_355_ch1_04-0000040950.jpg,0,0
265,/raid/img_db/ROBOT/R_358/01_G_01_R_358_ch1_05/01_G_01_R_358_ch1_05-0000024690.jpg,0,0
266,/raid/img_db/ROBOT/R_403/01_G_01_R_403_ch1_01/01_G_01_R_403_ch1_01-0000028950.jpg,0,0
267,/raid/img_db/ROBOT/R_369/01_G_01_R_369_ch1_01/01_G_01_R_369_ch1_01-0000016650.jpg,1,1
268,/raid/img_db/ROBOT/R_372/01_G_01_R_372_ch1_01/01_G_01_R_372_ch1_01-0000093300.jpg,0,0
269,/raid/img_db/ROBOT/R_342/01_G_01_R_342_ch1_05/01_G_01_R_342_ch1_05-0000241410.jpg,0,0
270,/raid/img_db/ROBOT/R_345/01_G_01_R_345_ch1_01/01_G_01_R_345_ch1_01-0000001530.jpg,1,0
271,/raid/img_db/ROBOT/R_357/01_G_01_R_357_ch1_03/01_G_01_R_357_ch1_03-0000013590.jpg,0,0
272,/raid/img_db/ROBOT/R_348/01_G_01_R_348_ch1_03/01_G_01_R_348_ch1_03-0000027300.jpg,0,0
273,/raid/img_db/ROBOT/R_355/01_G_01_R_355_ch1_04/01_G_01_R_355_ch1_04-0000028620.jpg,0,0
274,/raid/img_db/ROBOT/R_369/01_G_01_R_369_ch1_01/01_G_01_R_369_ch1_01-0000061620.jpg,0,0
275,/raid/img_db/ROBOT/R_348/01_G_01_R_348_ch1_01/01_G_01_R_348_ch1_01-0000006090.jpg,0,1
276,/raid/img_db/ROBOT/R_403/01_G_01_R_403_ch1_01/01_G_01_R_403_ch1_01-0000014220.jpg,1,0
277,/raid/img_db/ROBOT/R_376/01_G_01_R_376_ch1_03/01_G_01_R_376_ch1_03-0000018270.jpg,0,0
278,/raid/img_db/ROBOT/R_372/01_G_01_R_372_ch1_04/01_G_01_R_372_ch1_04-0000051750.jpg,0,0
279,/raid/img_db/ROBOT/R_345/01_G_01_R_345_ch1_01/01_G_01_R_345_ch1_01-0000097110.jpg,0,0
280,/raid/img_db/ROBOT/R_357/01_G_01_R_357_ch1_03/01_G_01_R_357_ch1_03-0000051540.jpg,1,0
281,/raid/img_db/ROBOT/R_347/01_G_01_R_347_ch1_05/01_G_01_R_347_ch1_05-0000018180.jpg,0,0
282,/raid/img_db/ROBOT/R_376/01_G_01_R_376_ch1_03/01_G_01_R_376_ch1_03-0000047370.jpg,0,0
283,/raid/img_db/ROBOT/R_376/01_G_01_R_376_ch1_05/01_G_01_R_376_ch1_05-0000073980.jpg,1,1
284,/raid/img_db/ROBOT/R_403/01_G_01_R_403_ch1_01/01_G_01_R_403_ch1_01-0000120840.jpg,0,0
285,/raid/img_db/ROBOT/R_403/01_G_01_R_403_ch1_03/01_G_01_R_403_ch1_03-0000069090.jpg,0,0
286,/raid/img_db/ROBOT/R_403/01_G_01_R_403_ch1_01/01_G_01_R_403_ch1_01-0000049320.jpg,0,0
287,/raid/img_db/ROBOT/R_399/01_G_01_R_399_ch1_01/01_G_01_R_399_ch1_01-0000053280.jpg,0,0
288,/raid/img_db/ROBOT/R_348/01_G_01_R_348_ch1_01/01_G_01_R_348_ch1_01-0000083310.jpg,0,0
289,/raid/img_db/ROBOT/R_348/01_G_01_R_348_ch1_01/01_G_01_R_348_ch1_01-0000065790.jpg,1,1
290,/raid/img_db/ROBOT/R_347/01_G_01_R_347_ch1_05/01_G_01_R_347_ch1_05-0000094800.jpg,1,1
291,/raid/img_db/ROBOT/R_349/01_G_01_R_349_ch1_01/01_G_01_R_349_ch1_01-0000027570.jpg,0,0
292,/raid/img_db/ROBOT/R_399/01_G_01_R_399_ch1_04/01_G_01_R_399_ch1_04-0000049680.jpg,0,0
293,/raid/img_db/ROBOT/R_369/01_G_01_R_369_ch1_01/01_G_01_R_369_ch1_01-0000049200.jpg,1,1
294,/raid/img_db/ROBOT/R_355/01_G_01_R_355_ch1_04/01_G_01_R_355_ch1_04-0000008940.jpg,0,0
295,/raid/img_db/ROBOT/R_372/01_G_01_R_372_ch1_04/01_G_01_R_372_ch1_04-0000021810.jpg,0,0
296,/raid/img_db/ROBOT/R_346/01_G_01_R_346_ch1_02/01_G_01_R_346_ch1_02-0000017970.jpg,0,0
297,/raid/img_db/ROBOT/R_378/01_G_01_R_378_ch1_03/01_G_01_R_378_ch1_03-0000105240.jpg,0,0
298,/raid/img_db/ROBOT/R_355/01_G_01_R_355_ch1_04/01_G_01_R_355_ch1_04-0000001020.jpg,0,0
299,/raid/img_db/ROBOT/R_379/01_G_01_R_379_ch1_02/01_G_01_R_379_ch1_02-0000069930.jpg,0,0
300,/raid/img_db/ROBOT/R_348/01_G_01_R_348_ch1_03/01_G_01_R_348_ch1_03-0000052260.jpg,0,0
301,/raid/img_db/ROBOT/R_346/01_G_01_R_346_ch1_02/01_G_01_R_346_ch1_02-0000052260.jpg,0,0
302,/raid/img_db/ROBOT/R_376/01_G_01_R_376_ch1_03/01_G_01_R_376_ch1_03-0000008040.jpg,0,0
303,/raid/img_db/ROBOT/R_376/01_G_01_R_376_ch1_05/01_G_01_R_376_ch1_05-0000097080.jpg,1,0
304,/raid/img_db/ROBOT/R_399/01_G_01_R_399_ch1_01/01_G_01_R_399_ch1_01-0000036240.jpg,0,0
305,/raid/img_db/ROBOT/R_358/01_G_01_R_358_ch1_01/01_G_01_R_358_ch1_01-0000062250.jpg,0,0
306,/raid/img_db/ROBOT/R_357/01_G_01_R_357_ch1_05/01_G_01_R_357_ch1_05-0000022950.jpg,1,0
307,/raid/img_db/ROBOT/R_378/01_G_01_R_378_ch1_01/01_G_01_R_378_ch1_01-0000003420.jpg,0,0
308,/raid/img_db/ROBOT/R_376/01_G_01_R_376_ch1_03/01_G_01_R_376_ch1_03-0000047460.jpg,0,0
309,/raid/img_db/ROBOT/R_355/01_G_01_R_355_ch1_04/01_G_01_R_355_ch1_04-0000036870.jpg,0,0
310,/raid/img_db/ROBOT/R_372/01_G_01_R_372_ch1_01/01_G_01_R_372_ch1_01-0000051930.jpg,0,0
311,/raid/img_db/ROBOT/R_391/01_G_01_R_391_ch1_01/01_G_01_R_391_ch1_01-0000123930.jpg,0,0
312,/raid/img_db/ROBOT/R_358/01_G_01_R_358_ch1_05/01_G_01_R_358_ch1_05-0000014220.jpg,0,0
313,/raid/img_db/ROBOT/R_346/01_G_01_R_346_ch1_02/01_G_01_R_346_ch1_02-0000000990.jpg,1,0
314,/raid/img_db/ROBOT/R_347/01_G_01_R_347_ch1_03/01_G_01_R_347_ch1_03-0000078360.jpg,0,0
315,/raid/img_db/ROBOT/R_355/01_G_01_R_355_ch1_04/01_G_01_R_355_ch1_04-0000091410.jpg,0,0
316,/raid/img_db/ROBOT/R_357/01_G_01_R_357_ch1_01/01_G_01_R_357_ch1_01-0000049290.jpg,0,0
317,/raid/img_db/ROBOT/R_342/01_G_01_R_342_ch1_05/01_G_01_R_342_ch1_05-0000033030.jpg,0,0
318,/raid/img_db/ROBOT/R_376/01_G_01_R_376_ch1_05/01_G_01_R_376_ch1_05-0000052920.jpg,0,0
319,/raid/img_db/ROBOT/R_345/01_G_01_R_345_ch1_04/01_G_01_R_345_ch1_04-0000089190.jpg,0,0
320,/raid/img_db/ROBOT/R_355/01_G_01_R_355_ch1_02/01_G_01_R_355_ch1_02-0000060210.jpg,0,0
321,/raid/img_db/ROBOT/R_393/01_G_01_R_393_ch1_01/01_G_01_R_393_ch1_01-0000020910.jpg,0,0
322,/raid/img_db/ROBOT/R_391/01_G_01_R_391_ch1_03/01_G_01_R_391_ch1_03-0000063030.jpg,0,0
323,/raid/img_db/ROBOT/R_349/01_G_01_R_349_ch1_01/01_G_01_R_349_ch1_01-0000105780.jpg,0,0
324,/raid/img_db/ROBOT/R_372/01_G_01_R_372_ch1_04/01_G_01_R_372_ch1_04-0000021570.jpg,0,0
325,/raid/img_db/ROBOT/R_347/01_G_01_R_347_ch1_03/01_G_01_R_347_ch1_03-0000051840.jpg,0,0
326,/raid/img_db/ROBOT/R_400/01_G_01_R_400_ch1_01/01_G_01_R_400_ch1_01-0000005190.jpg,1,0
327,/raid/img_db/ROBOT/R_345/01_G_01_R_345_ch1_04/01_G_01_R_345_ch1_04-0000112500.jpg,0,0
328,/raid/img_db/ROBOT/R_532/01_G_01_R_532_ch1_01/01_G_01_R_532_ch1_01-0000049560.jpg,1,1
329,/raid/img_db/ROBOT/R_510/01_G_01_R_510_ch1_01/01_G_01_R_510_ch1_01-0000136890.jpg,0,0
330,/raid/img_db/ROBOT/R_455/01_G_01_R_455_ch1_03/01_G_01_R_455_ch1_03-0000040410.jpg,0,0
331,/raid/img_db/ROBOT/R_427/01_G_01_R_427_ch1_03/01_G_01_R_427_ch1_03-0000085860.jpg,0,0
332,/raid/img_db/ROBOT/R_436/01_G_01_R_436_ch1_04/01_G_01_R_436_ch1_04-0000016740.jpg,0,0
333,/raid/img_db/ROBOT/R_436/01_G_01_R_436_ch1_02/01_G_01_R_436_ch1_02-0000104730.jpg,0,0
334,/raid/img_db/ROBOT/R_419/01_G_01_R_419_ch1_04/01_G_01_R_419_ch1_04-0000030000.jpg,0,0
335,/raid/img_db/ROBOT/R_420/01_G_01_R_420_ch1_01/01_G_01_R_420_ch1_01-0000078780.jpg,0,0
336,/raid/img_db/ROBOT/R_406/01_G_01_R_406_ch1_02/01_G_01_R_406_ch1_02-0000107670.jpg,1,0
337,/raid/img_db/ROBOT/R_420/01_G_01_R_420_ch1_01/01_G_01_R_420_ch1_01-0000012450.jpg,1,0
338,/raid/img_db/ROBOT/R_420/01_G_01_R_420_ch1_03/01_G_01_R_420_ch1_03-0000106650.jpg,0,0
339,/raid/img_db/ROBOT/R_455/01_G_01_R_455_ch1_03/01_G_01_R_455_ch1_03-0000071340.jpg,0,0
340,/raid/img_db/ROBOT/R_510/01_G_01_R_510_ch1_01/01_G_01_R_510_ch1_01-0000134280.jpg,0,0
341,/raid/img_db/ROBOT/R_480/01_G_01_R_480_ch1_01/01_G_01_R_480_ch1_01-0000097680.jpg,1,1
342,/raid/img_db/ROBOT/R_406/01_G_01_R_406_ch1_02/01_G_01_R_406_ch1_02-0000086940.jpg,0,0
343,/raid/img_db/ROBOT/R_412/01_G_01_R_412_ch1_01/01_G_01_R_412_ch1_01-0000097200.jpg,0,0
344,/raid/img_db/ROBOT/R_419/01_G_01_R_419_ch1_04/01_G_01_R_419_ch1_04-0000020190.jpg,0,0
345,/raid/img_db/ROBOT/R_427/01_G_01_R_427_ch1_03/01_G_01_R_427_ch1_03-0000016200.jpg,0,0
346,/raid/img_db/ROBOT/R_480/01_G_01_R_480_ch1_01/01_G_01_R_480_ch1_01-0000050040.jpg,0,0
347,/raid/img_db/ROBOT/R_420/01_G_01_R_420_ch1_01/01_G_01_R_420_ch1_01-0000058980.jpg,0,0
348,/raid/img_db/ROBOT/R_419/01_G_01_R_419_ch1_01/01_G_01_R_419_ch1_01-0000083220.jpg,0,0
349,/raid/img_db/ROBOT/R_415/01_G_01_R_415_ch1_01/01_G_01_R_415_ch1_01-0000067650.jpg,0,0
350,/raid/img_db/ROBOT/R_413/01_G_01_R_413_ch1_02/01_G_01_R_413_ch1_02-0000021900.jpg,1,1
351,/raid/img_db/ROBOT/R_415/01_G_01_R_415_ch1_03/01_G_01_R_415_ch1_03-0000136830.jpg,0,0
352,/raid/img_db/ROBOT/R_532/01_G_01_R_532_ch1_01/01_G_01_R_532_ch1_01-0000115320.jpg,0,0
353,/raid/img_db/ROBOT/R_436/01_G_01_R_436_ch1_08/01_G_01_R_436_ch1_08-0000069870.jpg,0,0
354,/raid/img_db/ROBOT/R_522/01_G_01_R_522_ch1_01/01_G_01_R_522_ch1_01-0000173880.jpg,1,1
355,/raid/img_db/ROBOT/R_406/01_G_01_R_406_ch1_02/01_G_01_R_406_ch1_02-0000110250.jpg,1,0
356,/raid/img_db/ROBOT/R_510/01_G_01_R_510_ch1_03/01_G_01_R_510_ch1_03-0000057090.jpg,0,0
357,/raid/img_db/ROBOT/R_449/01_G_01_R_449_ch1_01/01_G_01_R_449_ch1_01-0000100650.jpg,0,0
358,/raid/img_db/ROBOT/R_523/01_G_01_R_523_ch1_01/01_G_01_R_523_ch1_01-0000086100.jpg,0,0
359,/raid/img_db/ROBOT/R_522/01_G_01_R_522_ch1_01/01_G_01_R_522_ch1_01-0000053250.jpg,0,0
360,/raid/img_db/ROBOT/R_501/01_G_01_R_501_ch1_01/01_G_01_R_501_ch1_01-0000146610.jpg,0,0
361,/raid/img_db/ROBOT/R_501/01_G_01_R_501_ch1_01/01_G_01_R_501_ch1_01-0000031620.jpg,0,0
362,/raid/img_db/ROBOT/R_436/01_G_01_R_436_ch1_08/01_G_01_R_436_ch1_08-0000107730.jpg,0,0
363,/raid/img_db/ROBOT/R_420/01_G_01_R_420_ch1_03/01_G_01_R_420_ch1_03-0000059520.jpg,0,1
364,/raid/img_db/ROBOT/R_510/01_G_01_R_510_ch1_01/01_G_01_R_510_ch1_01-0000028200.jpg,0,0
365,/raid/img_db/ROBOT/R_436/01_G_01_R_436_ch1_10/01_G_01_R_436_ch1_10-0000078180.jpg,1,0
366,/raid/img_db/ROBOT/R_480/01_G_01_R_480_ch1_01/01_G_01_R_480_ch1_01-0000063990.jpg,0,0
367,/raid/img_db/ROBOT/R_522/01_G_01_R_522_ch1_01/01_G_01_R_522_ch1_01-0000001680.jpg,1,1
368,/raid/img_db/ROBOT/R_523/01_G_01_R_523_ch1_01/01_G_01_R_523_ch1_01-0000115860.jpg,0,1
369,/raid/img_db/ROBOT/R_415/01_G_01_R_415_ch1_01/01_G_01_R_415_ch1_01-0000136680.jpg,0,0
370,/raid/img_db/ROBOT/R_406/01_G_01_R_406_ch1_04/01_G_01_R_406_ch1_04-0000102510.jpg,0,0
371,/raid/img_db/ROBOT/R_533/01_G_01_R_533_ch1_01/01_G_01_R_533_ch1_01-0000234810.jpg,0,0
372,/raid/img_db/ROBOT/R_436/01_G_01_R_436_ch1_02/01_G_01_R_436_ch1_02-0000059190.jpg,1,1
373,/raid/img_db/ROBOT/R_501/01_G_01_R_501_ch1_01/01_G_01_R_501_ch1_01-0000000930.jpg,0,0
374,/raid/img_db/ROBOT/R_449/01_G_01_R_449_ch1_04/01_G_01_R_449_ch1_04-0000009210.jpg,1,1
375,/raid/img_db/ROBOT/R_533/01_G_01_R_533_ch1_01/01_G_01_R_533_ch1_01-0000261360.jpg,0,0
376,/raid/img_db/ROBOT/R_419/01_G_01_R_419_ch1_01/01_G_01_R_419_ch1_01-0000065370.jpg,1,0
377,/raid/img_db/ROBOT/R_436/01_G_01_R_436_ch1_06/01_G_01_R_436_ch1_06-0000017160.jpg,0,0
378,/raid/img_db/ROBOT/R_533/01_G_01_R_533_ch1_01/01_G_01_R_533_ch1_01-0000086880.jpg,0,0
379,/raid/img_db/ROBOT/R_436/01_G_01_R_436_ch1_06/01_G_01_R_436_ch1_06-0000019050.jpg,0,0
380,/raid/img_db/ROBOT/R_445/01_G_01_R_445_ch1_01/01_G_01_R_445_ch1_01-0000030030.jpg,0,0
381,/raid/img_db/ROBOT/R_406/01_G_01_R_406_ch1_04/01_G_01_R_406_ch1_04-0000021420.jpg,1,1
382,/raid/img_db/ROBOT/R_406/01_G_01_R_406_ch1_04/01_G_01_R_406_ch1_04-0000082410.jpg,0,0
383,/raid/img_db/ROBOT/R_420/01_G_01_R_420_ch1_03/01_G_01_R_420_ch1_03-0000070440.jpg,0,0
384,/raid/img_db/ROBOT/R_415/01_G_01_R_415_ch1_03/01_G_01_R_415_ch1_03-0000088260.jpg,0,0
385,/raid/img_db/ROBOT/R_419/01_G_01_R_419_ch1_01/01_G_01_R_419_ch1_01-0000046020.jpg,0,0
386,/raid/img_db/ROBOT/R_436/01_G_01_R_436_ch1_06/01_G_01_R_436_ch1_06-0000079860.jpg,0,0
387,/raid/img_db/ROBOT/R_415/01_G_01_R_415_ch1_01/01_G_01_R_415_ch1_01-0000108210.jpg,0,0
388,/raid/img_db/ROBOT/R_533/01_G_01_R_533_ch1_01/01_G_01_R_533_ch1_01-0000018360.jpg,0,1
389,/raid/img_db/ROBOT/R_449/01_G_01_R_449_ch1_06/01_G_01_R_449_ch1_06-0000013290.jpg,1,0
390,/raid/img_db/ROBOT/R_449/01_G_01_R_449_ch1_01/01_G_01_R_449_ch1_01-0000019830.jpg,1,0
391,/raid/img_db/ROBOT/R_406/01_G_01_R_406_ch1_06/01_G_01_R_406_ch1_06-0000035850.jpg,0,0
392,/raid/img_db/ROBOT/R_427/01_G_01_R_427_ch1_01/01_G_01_R_427_ch1_01-0000016020.jpg,0,0
393,/raid/img_db/ROBOT/R_415/01_G_01_R_415_ch1_01/01_G_01_R_415_ch1_01-0000013860.jpg,0,0
394,/raid/img_db/ROBOT/R_455/01_G_01_R_455_ch1_01/01_G_01_R_455_ch1_01-0000061380.jpg,1,0
395,/raid/img_db/ROBOT/R_455/01_G_01_R_455_ch1_03/01_G_01_R_455_ch1_03-0000022980.jpg,0,0
396,/raid/img_db/ROBOT/R_533/01_G_01_R_533_ch1_01/01_G_01_R_533_ch1_01-0000260820.jpg,0,0
397,/raid/img_db/ROBOT/R_533/01_G_01_R_533_ch1_01/01_G_01_R_533_ch1_01-0000322890.jpg,1,1
398,/raid/img_db/ROBOT/R_533/01_G_01_R_533_ch1_01/01_G_01_R_533_ch1_01-0000129600.jpg,1,1
399,/raid/img_db/ROBOT/R_522/01_G_01_R_522_ch1_01/01_G_01_R_522_ch1_01-0000151500.jpg,0,0
400,/raid/img_db/ROBOT/R_415/01_G_01_R_415_ch1_03/01_G_01_R_415_ch1_03-0000030120.jpg,0,0
401,/raid/img_db/ROBOT/R_415/01_G_01_R_415_ch1_03/01_G_01_R_415_ch1_03-0000023370.jpg,0,0
402,/raid/img_db/ROBOT/R_415/01_G_01_R_415_ch1_01/01_G_01_R_415_ch1_01-0000057960.jpg,0,0
403,/raid/img_db/ROBOT/R_415/01_G_01_R_415_ch1_05/01_G_01_R_415_ch1_05-0000038250.jpg,1,0
404,/raid/img_db/ROBOT/R_523/01_G_01_R_523_ch1_01/01_G_01_R_523_ch1_01-0000055140.jpg,0,0
405,/raid/img_db/ROBOT/R_436/01_G_01_R_436_ch1_06/01_G_01_R_436_ch1_06-0000059220.jpg,0,0
406,/raid/img_db/ROBOT/R_419/01_G_01_R_419_ch1_01/01_G_01_R_419_ch1_01-0000019590.jpg,0,0
407,/raid/img_db/ROBOT/R_445/01_G_01_R_445_ch1_03/01_G_01_R_445_ch1_03-0000053250.jpg,0,0
408,/raid/img_db/ROBOT/R_412/01_G_01_R_412_ch1_03/01_G_01_R_412_ch1_03-0000039570.jpg,0,0
409,/raid/img_db/ROBOT/R_493/01_G_01_R_493_ch1_01/01_G_01_R_493_ch1_01-0000111720.jpg,1,1
410,/raid/img_db/ROBOT/R_419/01_G_01_R_419_ch1_01/01_G_01_R_419_ch1_01-0000017460.jpg,1,0
411,/raid/img_db/ROBOT/R_501/01_G_01_R_501_ch1_01/01_G_01_R_501_ch1_01-0000106200.jpg,0,0
412,/raid/img_db/ROBOT/R_415/01_G_01_R_415_ch1_03/01_G_01_R_415_ch1_03-0000118170.jpg,0,0
413,/raid/img_db/ROBOT/R_412/01_G_01_R_412_ch1_03/01_G_01_R_412_ch1_03-0000074370.jpg,0,0
414,/raid/img_db/ROBOT/R_449/01_G_01_R_449_ch1_04/01_G_01_R_449_ch1_04-0000120450.jpg,0,0
415,/raid/img_db/ROBOT/R_455/01_G_01_R_455_ch1_03/01_G_01_R_455_ch1_03-0000096630.jpg,0,0
416,/raid/img_db/ROBOT/R_522/01_G_01_R_522_ch1_01/01_G_01_R_522_ch1_01-0000070890.jpg,0,0
417,/raid/img_db/ROBOT/R_436/01_G_01_R_436_ch1_02/01_G_01_R_436_ch1_02-0000093690.jpg,1,1
418,/raid/img_db/ROBOT/R_436/01_G_01_R_436_ch1_02/01_G_01_R_436_ch1_02-0000025980.jpg,0,0
419,/raid/img_db/ROBOT/R_480/01_G_01_R_480_ch1_01/01_G_01_R_480_ch1_01-0000036240.jpg,0,0
420,/raid/img_db/ROBOT/R_455/01_G_01_R_455_ch1_01/01_G_01_R_455_ch1_01-0000066960.jpg,1,0
421,/raid/img_db/ROBOT/R_419/01_G_01_R_419_ch1_01/01_G_01_R_419_ch1_01-0000048420.jpg,0,0
422,/raid/img_db/ROBOT/R_436/01_G_01_R_436_ch1_10/01_G_01_R_436_ch1_10-0000090300.jpg,1,1
423,/raid/img_db/ROBOT/R_510/01_G_01_R_510_ch1_01/01_G_01_R_510_ch1_01-0000079800.jpg,0,0
424,/raid/img_db/ROBOT/R_436/01_G_01_R_436_ch1_04/01_G_01_R_436_ch1_04-0000039750.jpg,0,0
425,/raid/img_db/ROBOT/R_412/01_G_01_R_412_ch1_03/01_G_01_R_412_ch1_03-0000008880.jpg,0,0
426,/raid/img_db/ROBOT/R_415/01_G_01_R_415_ch1_01/01_G_01_R_415_ch1_01-0000005700.jpg,1,1
427,/raid/img_db/ROBOT/R_419/01_G_01_R_419_ch1_04/01_G_01_R_419_ch1_04-0000006600.jpg,0,0
428,/raid/img_db/ROBOT/R_420/01_G_01_R_420_ch1_01/01_G_01_R_420_ch1_01-0000032160.jpg,0,0
429,/raid/img_db/ROBOT/R_406/01_G_01_R_406_ch1_02/01_G_01_R_406_ch1_02-0000052920.jpg,0,0
430,/raid/img_db/ROBOT/R_455/01_G_01_R_455_ch1_01/01_G_01_R_455_ch1_01-0000103560.jpg,0,0
431,/raid/img_db/ROBOT/R_409/01_G_01_R_409_ch1_01/01_G_01_R_409_ch1_01-0000037530.jpg,0,0
432,/raid/img_db/ROBOT/R_419/01_G_01_R_419_ch1_01/01_G_01_R_419_ch1_01-0000008040.jpg,0,0
433,/raid/img_db/ROBOT/R_510/01_G_01_R_510_ch1_03/01_G_01_R_510_ch1_03-0000086790.jpg,1,0
434,/raid/img_db/ROBOT/R_510/01_G_01_R_510_ch1_01/01_G_01_R_510_ch1_01-0000097770.jpg,0,0
435,/raid/img_db/ROBOT/R_415/01_G_01_R_415_ch1_05/01_G_01_R_415_ch1_05-0000041580.jpg,1,0
436,/raid/img_db/ROBOT/R_445/01_G_01_R_445_ch1_01/01_G_01_R_445_ch1_01-0000097350.jpg,0,0
437,/raid/img_db/ROBOT/R_413/01_G_01_R_413_ch1_02/01_G_01_R_413_ch1_02-0000026520.jpg,0,0
438,/raid/img_db/ROBOT/R_523/01_G_01_R_523_ch1_01/01_G_01_R_523_ch1_01-0000056310.jpg,0,0
439,/raid/img_db/ROBOT/R_409/01_G_01_R_409_ch1_03/01_G_01_R_409_ch1_03-0000031590.jpg,1,0
